family,hash
Emotet,591d32aeae0554f744df8843727e794d33495ff0a4b90a9f7861ab526988ded7
Emotet,f10052e10c319749ccd6aead272df3e831e4d4224a32ac589e1a577db38e2b70
Emotet,ef246ba750950b98b7b42d1251a6b0846457d2ecf656b495e82baf09911ddafd
Emotet,5d4ad6640ec2846c1dfb439108cfad160beb850a541ec00980c20fc36e0944dc
Emotet,540dfbef1bc65462cac88ad24a6d5cea867d9b392e9f8ae66c20ee49f4002793
Emotet,d120c25f77b8dfe9182aa2ac5ce44b8ca76ab77e12b65f98620069c07cbf8ccd
Emotet,0e70671889e441e9926c6a731ce722797526a7ebf785d4c8cd5fa6ae671c8924
Heodo,9ba1b1bf9bccdf3cdd0e07616da28acea278e70f77dce249bc821c552a846aa8
Heodo,d6187151e5cecc616ab816a2acb25ac7f67255f1f2647903e05b0c87c12b7dd5
Heodo,6425c7166875c6576849505db3e9ddf655641afcd7ca9d3aa53d15806a01a848
Heodo,4cff47be9f748f13fcfd3d383052695fb4b8d73ee586a1fa130fa7de4cffa209
Emotet,31fb4bf411dcd7fcb860bdb1db26859290b047b39b94638a7d4fd2a46d323e98
Heodo,e96207d6a0a929dcf5fa7e60ba5a7fc53eeaf09debc384e73dd981a75b0dd06e
Heodo,755181606486f4af669a5ca05724415bea2b504e342d9fc4f509a911d1b11415
Heodo,e0f279917c0f6926bff87f75e39dc30b44cf7bc940e807755544b978bfd9b12c
Heodo,4e947b80c994a925917433853efd26f8a2eb6fed085c2fbb04ab40c142499382
Heodo,756b61f3bd563d0e477e3e7623ef33f0037a23ffd00216763918d60f979d296a
Heodo,6aea832b89c99fc342381a418d21ac9b06204eabe8c5459874c57bf8c54c197d
Heodo,0e98ef27ae09b6e3a7cf7f2ecb6b08ffa3b1a174eca5ee5ceb8ab8589c858a8f
Emotet,fd79e8fa5e3801101a1305b6aba7a5e7fdc852ed9036d6d9a5210be414a5cc5a
Heodo,4357e250c0f2730b9fcbd36371fa58a95bc9a03d6ce1ff027941b7c4183db395
Heodo,51f1fdf15170d27b6c36e52407bc57e614400179e93fb406eb8e8d6a1d3ecfa7
Heodo,acc31048e00d1a0f4cd5569d5d4db539da8f506cc7a6a171942d015ecc817d43
Heodo,e5814a69cfe5a5be2f62f738ea5511f1604bce81c2acaca550b134d794c9e2d0
Emotet,41e9efe5518a8cc6740f5f241b0a435335a27a538dbfad1751e85830fe5c05be
Heodo,01d6ff441bfbf065fe9cc4a6ab5de658cfacfb46467eee4cf55441cbadf6e28c
Heodo,a71050df33b909bebdc2498ce7257ddafd186621f795e216d6323aaf80c12561
Dridex,78e1c5e1e6bb037e2dede98a0248aa43317b5d101639d54073882fe980768e8c
Dridex,7fbc7d878232d85647450251e8ed14fe505adb81b9877ac475bfe567a2b669f0
Dridex,84f37808396aa0fb587bac76d4322a27532c8ca5fb9a7c76492ea84d162e3310
Dridex,3f93bbbd31f1ca5627326b08e3fdffeed857a43e0800fb2e0503065adf42be30
Dridex,5de057704e2a85cfff7e44ad451325c7e56cdf11a43fd0a1432a8f7a650b054b
Dridex,8890a43545d572e11a63878cbf17da35211a98e2056a65a91f9ca9c5dd0a6888
Dridex,ecf60d585aad070feca119d7bfbf3f929c23da7cde1a2e988abd828cee5b8bc5
Loki,8efbe302b9964f4808741e2d7053752c4907471ce564ab8a591cd590f24e84fb
Loki,1299a5b62603fe7c24a10f99e60e53933c7008689fcf61f9fa87a0283db54461
Loki,fc885e8a0a0c726561110aa6f887b377dd43243e3a911b7e1787f641f7c1b90c
Loki,d4d8f5d50c7945f7c6f6f858014b07f070e32ea872af02b16a3d9597ccd2605f
Loki,e8d4cd03450bee6fa32028e4e4e0e415d4c4bbfcb349e77170cd983226666820
Loki,47e2bd28e93c047783c899c3f76765ddb263b3062f50a55c11d32fc354b15c6b
Loki,fa98e06145118bc9c05760b99728d9636dcfd6b208a854dc4393ac6e97434b52
Loki,c199b37d388d854ff6031105ffd57958083cdb123b1386dc63e4d6bb21566e52
AgentTesla,f740553d4db7ae22b6e0e5f2fcb6654c68f28d98d87df74f597b956303176cd4
AgentTesla,aabd6df3ab2f62e65401aaf897268a15dac6a672d80b619e2107e64fa6bc7928
AgentTesla,a09087277b7d46b4af7eb06bd843cbbc987a26f91a264767340f7fb6ab944fef
AgentTesla,afe6f86fc6ea32463025a0feb7365776f81988bb537d62358dc070b3cd7b1f66
AgentTesla,342b7b5acc04a5097e212111e26418ccb9c59bd1dbc00b6f3b8c7b34b85f15b9
AgentTesla,dd753f6e5c4286e55706616ea1df3acb92f8798c350b0e3ee2be66066f335bdc
AgentTesla,be2933cd03e4c2aaf273536586bb87f4c3113303e4ec933948e922552930bb87
AgentTesla,8c74e843dc4024992e37e7214ad134479e60e8b89f330acd2b79552c3ba556fe
AgentTesla,bec17fe6e2f271ccb2b23b02f5fa10cbe084be1392b87e48147ad92745db44db
AgentTesla,17926bc50f03e0c44c4aa03c482adad9104bd33174928f990ba170ad29e521f8
Gozi,3a1211935c4bd148eb6fb23c40d4806ee5a488b09bd61b3c0d15a47dbbfe64fd
Gozi,5c302f8166172614a05a26177ae1f39ea7195fb0469a81fdce5963b476258e1b
Gozi,bb1a734659301a2afb4af66370ccde6b682ef674d7f1ead3ae521d1052a605f4
Gozi,61a0c2853a0e807411617ced9045c5fe2d3cc5d09d31fa7564eaa1145c9a6c18
Gozi,16c676aab1d91c2252b09d1618aa9948132cd28f4aebbe7451718565cb1a7d2f
Gozi,a248997a8b79c2b5f7a411e4c0884439eabffc62c8f3bcdbf7ba5ecb2871e7c7
Gozi,7581bddb9275a5cf702ff7376a3ec41e2c51c745a08be4bd874f5e831859cb38
Gozi,2648a72cff7e600c4da41d8bcea9342140021ba33b9a8a711a73292b649e7d07
Gozi,42dc33a8eb9712a01f1b11bb6a21f943cc4045346680641c9821c052c8a3473e
Gozi,f680ea5b0d75c7e2208c0251079f7f48e29476574c324e78f40112a2db01934d
Gozi,31ce65f830e52f5b6d7e6c266d7841e11662e71d6715d5211776ebb91beb3ec4
Gozi,26dc3b58f57bf1d28e20374fcc13c33f3bc75bd753cf19afb617101f403f7b81
Gozi,1f4bca4ce6d93b64a82d2e3ba1d2b876f2ad455f311768922e32377f3923db8f
TrickBot,a08fc81cd189984d84d771194a11ecbfc57c5c74df1c36c0c46157a30bcf23cf
TrickBot,1e90b6fc99a908420de123418deded8d8eadf2114ac43ee1ec366681b5358c17
TrickBot,e7456c57dba442a7e63f2bd45ff5be6c8168f2fcfd15c5e405536fb3bb212dcb
TrickBot,8b739e545fc95b979031b1d173680e40804cdfae954553daad04f865571072a5
TrickBot,37ff98395d4db062f03fdd648bbcc47f7aa0db3afa3bbc5ed44f308cf50499d0
TrickBot,7553c451f8bc7159aaf5afcc364090428f512068a0b68701ffc31e8e11c31502
TrickBot,6e6536cc12b95070cb1a9674a4aa2c86b961bb3f4be8cae578adaa91a76898e4
TrickBot,2e2f674241de56d4404a8fdbcb470fd9738d48c855fb0785deaae99ea3af383f
TrickBot,4c988891326eea9e5fe8aeaa93ffb3f7001bd3cda048a72ab24c8b54dd1834e4
TrickBot,7bdd1409b080eb8510163cea3761d694be0eaec7e22bc44736cbfbc3025a310b
TrickBot,2cb4c54bc346421e0a4854698830405ac0dcd5046ae6c462f488f4e5319a90d2
TrickBot,f25a780095730701efac67e9d5b84bc289afea56d96d8aff8a44af69ae606404
